{
  "created_at": "2025-10-22T16:26:31.203574Z",
  "n_samples": 229,
  "n_features": 11,
  "feature_columns": [
    "degree",
    "help_degree",
    "avoid_degree",
    "net_helpfulness",
    "help_ratio",
    "avoid_ratio",
    "betweenness",
    "closeness",
    "clustering",
    "pagerank",
    "Avoid_Rank"
  ],
  "xgb_metrics": {
    "rmse": 0.00491303129489379,
    "mse": 2.4137876504605752e-05,
    "mae": 0.002338319968687407,
    "r2": 0.5836443846377217
  },
  "rf_metrics": {
    "rmse": 0.005200533727208284,
    "mse": 2.7045551047830887e-05,
    "mae": 0.002429940113961931,
    "r2": 0.5334897397795988
  }
}