{
  "accuracy": [
    0.41099652647972107,
    0.7295398116111755,
    0.792716383934021,
    0.8167721629142761,
    0.8312540054321289,
    0.8370154500007629,
    0.842919111251831,
    0.8451952338218689,
    0.8489508628845215,
    0.8501173853874207,
    0.8530763387680054,
    0.8499751091003418,
    0.8594779372215271,
    0.9058539271354675,
    0.9101216197013855,
    0.9132655262947083,
    0.9161106944084167,
    0.9373497366905212
  ],
  "loss": [
    2.09739351272583,
    0.8565402626991272,
    0.648594319820404,
    0.5729235410690308,
    0.532557487487793,
    0.5130825042724609,
    0.5025146007537842,
    0.4923904538154602,
    0.48069697618484497,
    0.4842093586921692,
    0.4697563648223877,
    0.48368576169013977,
    0.45687976479530334,
    0.2938332259654999,
    0.28200238943099976,
    0.2721613943576813,
    0.26244446635246277,
    0.19046249985694885
  ],
  "val_accuracy": [
    0.6459139585494995,
    0.7505121827125549,
    0.8346232771873474,
    0.8588094711303711,
    0.823298454284668,
    0.8639312386512756,
    0.859833836555481,
    0.8755406141281128,
    0.8118597865104675,
    0.8999544978141785,
    0.8499317169189453,
    0.8564193248748779,
    0.8784998655319214,
    0.9389369487762451,
    0.9280104637145996,
    0.865012526512146,
    0.9179376363754272,
    0.9344411492347717
  ],
  "val_loss": [
    1.138406753540039,
    0.8222725987434387,
    0.5006335377693176,
    0.45378708839416504,
    0.5452858209609985,
    0.4320693016052246,
    0.44880738854408264,
    0.38280588388442993,
    0.6637522578239441,
    0.30893847346305847,
    0.4792432188987732,
    0.4764276146888733,
    0.40491926670074463,
    0.19003650546073914,
    0.22839592397212982,
    0.46191731095314026,
    0.2604975700378418,
    0.20976148545742035
  ],
  "learning_rate": [
    0.0010000000474974513,
    0.0010000000474974513,
    0.0010000000474974513,
    0.0010000000474974513,
    0.0010000000474974513,
    0.0010000000474974513,
    0.0010000000474974513,
    0.0010000000474974513,
    0.0010000000474974513,
    0.0010000000474974513,
    0.0010000000474974513,
    0.0010000000474974513,
    0.0010000000474974513,
    0.0005000000237487257,
    0.0005000000237487257,
    0.0005000000237487257,
    0.0005000000237487257,
    0.0002500000118743628
  ]
}